ML Pipeline Stage,ML TD Type,Principal_Component
Training,MDepend,8.578416825220657
Prediction,MCM,7.12932098307564
Modeling,Data Conf,6.408018383936737
Data Acq,UMC,5.896885373917249
Evaluation,UMC,5.585062915150373
Other,MCM,2.983086437349933
Data Acq,MCR,2.3811633140711863
Data Acq,Proto,2.2502312893763996
Data Acq,MCM,1.4527626674359744
Data Acq,CDT,1.4465484445502073
